label,date,open,high,low,close
GOOG,2017-06-30,926.049988,926.049988,908.309998,908.72998
GOOG,2017-07-03,912.179993,913.940002,894.789978,898.700012
GOOG,2017-07-05,901.76001,914.51001,898.5,911.710022
GOOG,2017-07-06,904.119995,914.94397,899.700012,906.690002
GOOG,2017-07-07,908.849976,921.539978,908.849976,918.590027
GOOG,2017-07-10,921.77002,930.380005,919.590027,928.799988
GOOG,2017-07-11,929.539978,931.429993,922,930.090027
GOOG,2017-07-12,938.679993,946.299988,934.469971,943.830017
GOOG,2017-07-13,946.289978,954.450012,943.01001,947.159973
GOOG,2017-07-14,952,956.909973,948.005005,955.98999
GOOG,2017-07-17,957,960.73999,949.241028,953.419983
GOOG,2017-07-18,953,968.039978,950.599976,965.400024
GOOG,2017-07-19,967.840027,973.039978,964.030029,970.890015
GOOG,2017-07-20,975,975.900024,961.51001,968.150024
GOOG,2017-07-21,962.25,973.22998,960.150024,972.919983
GOOG,2017-07-24,972.219971,986.200012,970.77002,980.340027
GOOG,2017-07-25,953.809998,959.700012,945.400024,950.700012
GOOG,2017-07-26,954.679993,955,942.278992,947.799988
GOOG,2017-07-27,951.780029,951.780029,920,934.090027
GOOG,2017-07-28,929.400024,943.830017,927.5,941.530029
GOOG,2017-07-31,941.890015,943.590027,926.039978,930.5
GOOG,2017-08-01,932.380005,937.447021,929.26001,930.830017
GOOG,2017-08-02,928.609985,932.599976,916.679993,930.390015
GOOG,2017-08-03,930.340027,932.23999,922.23999,923.650024
GOOG,2017-08-04,926.75,930.307007,923.030029,927.960022
GOOG,2017-08-07,929.059998,931.700012,926.5,929.359985
GOOG,2017-08-08,927.090027,935.814026,925.609985,926.789978
GOOG,2017-08-09,920.609985,925.97998,917.25,922.900024
GOOG,2017-08-10,917.549988,919.26001,906.130005,907.23999
GOOG,2017-08-11,907.969971,917.780029,905.580017,914.390015
GOOG,2017-08-14,922.530029,924.66803,918.190002,922.669983
GOOG,2017-08-15,924.22998,926.549988,919.820007,922.219971
GOOG,2017-08-16,925.289978,932.700012,923.445007,926.960022
GOOG,2017-08-17,925.780029,926.859985,910.97998,910.97998
GOOG,2017-08-18,910.309998,915.275024,907.153992,910.669983
GOOG,2017-08-21,910,913,903.400024,906.659973
GOOG,2017-08-22,912.719971,925.859985,911.474976,924.690002
GOOG,2017-08-23,921.929993,929.929993,919.359985,927
GOOG,2017-08-24,928.659973,930.840027,915.5,921.280029
GOOG,2017-08-25,923.48999,925.554993,915.5,915.890015
GOOG,2017-08-28,916,919.244995,911.869995,913.809998
GOOG,2017-08-29,905.099976,923.330017,905,921.289978
GOOG,2017-08-30,920.049988,930.81897,919.650024,929.570007
GOOG,2017-08-31,931.76001,941.97998,931.76001,939.330017
GOOG,2017-09-01,941.130005,942.47998,935.150024,937.340027
GOOG,2017-09-05,933.080017,937,921.960022,928.450012
GOOG,2017-09-06,930.150024,930.914978,919.27002,927.809998
GOOG,2017-09-07,931.72998,936.409973,923.619995,935.950012
GOOG,2017-09-08,936.48999,936.98999,924.880005,926.5
GOOG,2017-09-11,934.25,938.380005,926.919983,929.080017
GOOG,2017-09-12,932.590027,933.47998,923.861023,932.070007
GOOG,2017-09-13,930.659973,937.25,929.859985,935.090027
GOOG,2017-09-14,931.25,932.77002,924,925.109985
GOOG,2017-09-15,924.659973,926.48999,916.359985,920.289978
GOOG,2017-09-18,920.01001,922.080017,910.599976,915
GOOG,2017-09-19,917.419983,922.419983,912.549988,921.809998
GOOG,2017-09-20,922.97998,933.880005,922,931.580017
GOOG,2017-09-21,933,936.530029,923.830017,932.450012
GOOG,2017-09-22,927.75,934.72998,926.47998,928.530029
GOOG,2017-09-25,925.450012,926.400024,909.700012,920.969971
GOOG,2017-09-26,923.719971,930.820007,921.140015,924.859985
GOOG,2017-09-27,927.73999,949.900024,927.73999,944.48999
GOOG,2017-09-28,941.359985,950.690002,940.549988,949.5
GOOG,2017-09-29,952,959.786011,951.51001,959.109985
GOOG,2017-10-02,959.97998,962.539978,947.840027,953.27002
GOOG,2017-10-03,954,958,949.140015,957.789978
GOOG,2017-10-04,957,960.390015,950.690002,951.679993
GOOG,2017-10-05,955.48999,970.909973,955.179993,969.960022
GOOG,2017-10-06,966.700012,979.460022,963.359985,978.890015
GOOG,2017-10-09,980,985.424988,976.109985,977
GOOG,2017-10-10,980,981.570007,966.080017,972.599976
GOOG,2017-10-11,973.719971,990.710022,972.25,989.25
GOOG,2017-10-12,987.450012,994.119995,985,987.830017
GOOG,2017-10-13,992,997.210022,989,989.679993
GOOG,2017-10-16,992.099976,993.906982,984,992
GOOG,2017-10-17,990.289978,996.440002,988.590027,992.179993
GOOG,2017-10-18,991.77002,996.719971,986.974976,992.809998
GOOG,2017-10-19,986,988.880005,978.390015,984.450012
GOOG,2017-10-20,989.440002,991,984.580017,988.200012
GOOG,2017-10-23,989.52002,989.52002,966.119995,968.450012
GOOG,2017-10-24,970,972.22998,961,970.539978
GOOG,2017-10-25,968.369995,976.090027,960.52002,973.330017
GOOG,2017-10-26,980,987.599976,972.200012,972.559998
GOOG,2017-10-27,1009.190002,1048.390015,1008.200012,1019.27002
GOOG,2017-10-30,1014,1024.969971,1007.5,1017.109985
GOOG,2017-10-31,1015.219971,1024,1010.419983,1016.640015
GOOG,2017-11-01,1017.210022,1029.670044,1016.950012,1025.5
GOOG,2017-11-02,1021.76001,1028.089966,1013.01001,1025.579956
GOOG,2017-11-03,1022.109985,1032.650024,1020.309998,1032.47998
GOOG,2017-11-06,1028.98999,1034.869995,1025,1025.900024
GOOG,2017-11-07,1027.27002,1033.969971,1025.130005,1033.329956
GOOG,2017-11-08,1030.52002,1043.521973,1028.449951,1039.849976
GOOG,2017-11-09,1033.98999,1033.98999,1019.666016,1031.26001
GOOG,2017-11-10,1026.459961,1030.76001,1025.280029,1028.069946
GOOG,2017-11-13,1023.419983,1031.579956,1022.570007,1025.75
GOOG,2017-11-14,1022.590027,1026.810059,1014.150024,1026
GOOG,2017-11-15,1019.210022,1024.089966,1015.419983,1020.909973
GOOG,2017-11-16,1022.52002,1035.920044,1022.52002,1032.5
GOOG,2017-11-17,1034.01001,1034.420044,1017.75,1019.090027
GOOG,2017-11-20,1020.26001,1022.609985,1017.5,1018.380005
GOOG,2017-11-21,1023.309998,1035.109985,1022.655029,1034.48999
GOOG,2017-11-22,1035,1039.706055,1031.430054,1035.959961
GOOG,2017-11-24,1035.869995,1043.177979,1035,1040.609985
GOOG,2017-11-27,1040,1055.459961,1038.439941,1054.209961
GOOG,2017-11-28,1055.089966,1062.375,1040,1047.410034
GOOG,2017-11-29,1042.680054,1044.079956,1015.650024,1021.659973
GOOG,2017-11-30,1022.369995,1028.48999,1015,1021.409973
GOOG,2017-12-01,1015.799988,1022.48999,1002.02002,1010.169983
GOOG,2017-12-04,1012.659973,1016.099976,995.570007,998.679993
GOOG,2017-12-05,995.940002,1020.609985,988.280029,1005.150024
GOOG,2017-12-06,1001.5,1024.969971,1001.140015,1018.380005
GOOG,2017-12-07,1020.429993,1034.23999,1018.070984,1030.930054
GOOG,2017-12-08,1037.48999,1042.050049,1032.521973,1037.050049
GOOG,2017-12-11,1035.5,1043.800049,1032.050049,1041.099976
GOOG,2017-12-12,1039.630005,1050.310059,1033.689941,1040.47998
GOOG,2017-12-13,1046.119995,1046.665039,1038.380005,1040.609985
GOOG,2017-12-14,1045,1058.5,1043.109985,1049.150024
GOOG,2017-12-15,1054.609985,1067.619995,1049.5,1064.189941
GOOG,2017-12-18,1066.079956,1078.48999,1062,1077.140015
GOOG,2017-12-19,1075.199951,1076.839966,1063.550049,1070.680054
GOOG,2017-12-20,1071.780029,1073.380005,1061.52002,1064.949951
GOOG,2017-12-21,1064.949951,1069.329956,1061.793945,1063.630005
GOOG,2017-12-22,1061.109985,1064.199951,1059.439941,1060.119995
GOOG,2017-12-26,1058.069946,1060.119995,1050.199951,1056.73999
GOOG,2017-12-27,1057.390015,1058.369995,1048.050049,1049.369995
GOOG,2017-12-28,1051.599976,1054.75,1044.77002,1048.140015
GOOG,2017-12-29,1046.719971,1049.699951,1044.900024,1046.400024
GOOG,2018-01-02,1048.339966,1066.939941,1045.22998,1065
GOOG,2018-01-03,1064.310059,1086.290039,1063.209961,1082.47998
GOOG,2018-01-04,1088,1093.569946,1084.001953,1086.400024
GOOG,2018-01-05,1094,1104.25,1092,1102.22998
GOOG,2018-01-08,1102.22998,1111.27002,1101.619995,1106.939941
GOOG,2018-01-09,1109.400024,1110.569946,1101.230957,1106.26001
GOOG,2018-01-10,1097.099976,1104.599976,1096.109985,1102.609985
GOOG,2018-01-11,1106.300049,1106.525024,1099.589966,1105.52002
GOOG,2018-01-12,1102.410034,1124.290039,1101.150024,1122.26001
GOOG,2018-01-16,1132.51001,1139.910034,1117.832031,1121.76001
GOOG,2018-01-17,1126.219971,1132.599976,1117.01001,1131.97998
GOOG,2018-01-18,1131.410034,1132.51001,1117.5,1129.790039
GOOG,2018-01-19,1131.829956,1137.859985,1128.300049,1137.51001
GOOG,2018-01-22,1137.48999,1159.880005,1135.109985,1155.810059
GOOG,2018-01-23,1159.849976,1171.626953,1158.75,1169.969971
GOOG,2018-01-24,1177.329956,1179.859985,1161.050049,1164.23999
GOOG,2018-01-25,1172.530029,1175.939941,1162.76001,1170.369995
GOOG,2018-01-26,1175.079956,1175.839966,1158.109985,1175.839966
GOOG,2018-01-29,1176.47998,1186.890015,1171.97998,1175.579956
GOOG,2018-01-30,1167.829956,1176.52002,1163.52002,1163.689941
GOOG,2018-01-31,1170.569946,1173,1159.130005,1169.939941
GOOG,2018-02-01,1162.609985,1174,1157.52002,1167.699951
GOOG,2018-02-02,1122,1123.069946,1107.277954,1111.900024
GOOG,2018-02-05,1090.599976,1110,1052.030029,1055.800049
GOOG,2018-02-06,1027.180054,1081.709961,1023.137024,1080.599976
GOOG,2018-02-07,1081.540039,1081.780029,1048.26001,1048.579956
GOOG,2018-02-08,1055.410034,1058.619995,1000.659973,1001.52002
GOOG,2018-02-09,1017.25,1043.969971,992.559998,1037.780029
GOOG,2018-02-12,1048,1061.5,1040.927979,1051.939941
GOOG,2018-02-13,1045,1058.369995,1044.087036,1052.099976
GOOG,2018-02-14,1048.949951,1071.719971,1046.75,1069.699951
GOOG,2018-02-15,1079.069946,1091.479004,1064.339966,1089.52002
GOOG,2018-02-16,1088.410034,1104.670044,1088.312988,1094.800049
GOOG,2018-02-20,1090.569946,1113.949951,1088.52002,1102.459961
GOOG,2018-02-21,1106.469971,1133.969971,1106.329956,1111.339966
GOOG,2018-02-22,1116.189941,1122.819946,1102.589966,1106.630005
GOOG,2018-02-23,1112.640015,1127.280029,1104.713989,1126.790039
GOOG,2018-02-26,1127.800049,1143.959961,1126.694946,1143.75
GOOG,2018-02-27,1141.23999,1144.040039,1118,1118.290039
GOOG,2018-02-28,1123.030029,1127.530029,1103.23999,1104.72998
GOOG,2018-03-01,1107.869995,1110.119995,1067.000977,1069.52002
GOOG,2018-03-02,1053.079956,1081.999023,1048.11499,1078.920044
GOOG,2018-03-05,1075.140015,1097.099976,1069,1090.930054
GOOG,2018-03-06,1099.219971,1101.849976,1089.775024,1095.060059
GOOG,2018-03-07,1089.189941,1112.219971,1085.482056,1109.640015
GOOG,2018-03-08,1115.319946,1127.599976,1112.800049,1126
GOOG,2018-03-09,1136,1160.800049,1132.46106,1160.040039
GOOG,2018-03-12,1163.849976,1177.050049,1157.420044,1164.5
GOOG,2018-03-13,1170,1176.76001,1133.329956,1138.170044
GOOG,2018-03-14,1145.209961,1158.589966,1141.439941,1149.48999
GOOG,2018-03-15,1149.959961,1161.079956,1134.540039,1149.579956
GOOG,2018-03-16,1154.140015,1155.880005,1131.959961,1135.72998
GOOG,2018-03-19,1120.01001,1121.98999,1089.01001,1099.819946
GOOG,2018-03-20,1099,1105.199951,1083.459961,1097.709961
GOOG,2018-03-21,1092.73999,1106.300049,1085.150024,1090.880005
GOOG,2018-03-22,1081.880005,1082.900024,1045.910034,1049.079956
GOOG,2018-03-23,1047.030029,1063.359985,1021.219971,1021.570007
GOOG,2018-03-26,1046,1055.630005,1008.400024,1053.209961
GOOG,2018-03-27,1063,1064.838989,996.919983,1005.099976
GOOG,2018-03-28,998,1024.22998,980.640015,1004.559998
GOOG,2018-03-29,1011.630005,1043,1002.900024,1031.790039
GOOG,2018-04-02,1022.820007,1034.800049,990.369995,1006.469971
GOOG,2018-04-03,1013.909973,1020.98999,994.070007,1013.409973
GOOG,2018-04-04,993.409973,1028.718018,993,1025.140015
GOOG,2018-04-05,1041.329956,1042.790039,1020.130981,1027.810059
GOOG,2018-04-06,1020,1031.420044,1003.030029,1007.039978
GOOG,2018-04-09,1016.799988,1039.599976,1014.080017,1015.450012
GOOG,2018-04-10,1026.439941,1036.280029,1011.340027,1031.640015
GOOG,2018-04-11,1027.98999,1031.364014,1015.869995,1019.969971
GOOG,2018-04-12,1025.040039,1040.689941,1021.434998,1032.51001
GOOG,2018-04-13,1040.880005,1046.420044,1022.97998,1029.27002
GOOG,2018-04-16,1037,1043.23999,1026.73999,1037.97998
GOOG,2018-04-17,1051.369995,1077.880005,1048.26001,1074.160034
GOOG,2018-04-18,1077.430054,1077.430054,1066.224976,1072.079956
GOOG,2018-04-19,1069.400024,1094.165039,1068.180054,1087.699951
GOOG,2018-04-20,1082,1092.349976,1069.569946,1072.959961
GOOG,2018-04-23,1077.859985,1082.719971,1060.699951,1067.449951
GOOG,2018-04-24,1052,1057,1010.590027,1019.97998
GOOG,2018-04-25,1025.52002,1032.48999,1015.309998,1021.179993
GOOG,2018-04-26,1029.51001,1047.97998,1018.190002,1040.040039
GOOG,2018-04-27,1046,1049.5,1025.589966,1030.050049
GOOG,2018-04-30,1030.01001,1037,1016.849976,1017.330017
GOOG,2018-05-01,1013.659973,1038.469971,1008.210022,1037.310059
GOOG,2018-05-02,1028.099976,1040.389038,1022.869995,1024.380005
GOOG,2018-05-03,1019,1029.675049,1006.289978,1023.719971
GOOG,2018-05-04,1016.900024,1048.51001,1016.900024,1048.209961
GOOG,2018-05-07,1049.22998,1061.680054,1047.099976,1054.790039
GOOG,2018-05-08,1058.540039,1060.550049,1047.14502,1053.910034
GOOG,2018-05-09,1058.099976,1085.439941,1056.36499,1082.76001
GOOG,2018-05-10,1086.030029,1100.439941,1085.640015,1097.569946
GOOG,2018-05-11,1093.599976,1101.329956,1090.910034,1098.26001
GOOG,2018-05-14,1100,1110.75,1099.109985,1100.199951
GOOG,2018-05-15,1090,1090.050049,1073.469971,1079.22998
GOOG,2018-05-16,1077.310059,1089.27002,1076.26001,1081.77002
GOOG,2018-05-17,1079.890015,1086.869995,1073.5,1078.589966
GOOG,2018-05-18,1061.859985,1069.939941,1060.680054,1066.359985
GOOG,2018-05-21,1074.060059,1088,1073.650024,1079.579956
GOOG,2018-05-22,1083.560059,1086.589966,1066.689941,1069.72998
GOOG,2018-05-23,1065.130005,1080.780029,1061.709961,1079.689941
GOOG,2018-05-24,1079,1080.469971,1066.150024,1079.23999
GOOG,2018-05-25,1079.02002,1082.560059,1073.775024,1075.660034
GOOG,2018-05-29,1064.890015,1073.369995,1055.219971,1060.319946
GOOG,2018-05-30,1063.030029,1069.209961,1056.829956,1067.800049
GOOG,2018-05-31,1067.560059,1097.189941,1067.560059,1084.98999
GOOG,2018-06-01,1099.349976,1120,1098.5,1119.5
GOOG,2018-06-04,1122.329956,1141.890015,1122.005005,1139.290039
GOOG,2018-06-05,1140.98999,1145.738037,1133.189941,1139.660034
GOOG,2018-06-06,1142.170044,1143,1125.743042,1136.880005
GOOG,2018-06-07,1131.319946,1135.819946,1116.52002,1123.859985
GOOG,2018-06-08,1118.180054,1126.670044,1112.150024,1120.869995
GOOG,2018-06-11,1118.599976,1137.26001,1118.599976,1129.98999
GOOG,2018-06-12,1131.069946,1139.790039,1130.734985,1139.319946
GOOG,2018-06-13,1141.119995,1146.5,1133.380005,1134.790039
GOOG,2018-06-14,1143.849976,1155.469971,1140.640015,1152.119995
GOOG,2018-06-15,1148.859985,1153.420044,1143.484985,1152.26001
GOOG,2018-06-18,1143.650024,1174.310059,1143.589966,1173.459961
GOOG,2018-06-19,1158.5,1171.27002,1154.01001,1168.060059
GOOG,2018-06-20,1175.310059,1186.286011,1169.160034,1169.839966
GOOG,2018-06-21,1174.849976,1177.295044,1152.232056,1157.660034
GOOG,2018-06-22,1159.140015,1162.496948,1147.26001,1155.47998
GOOG,2018-06-25,1143.599976,1143.910034,1112.780029,1124.810059
GOOG,2018-06-26,1128,1133.209961,1116.659058,1118.459961
GOOG,2018-06-27,1121.339966,1131.83606,1103.619995,1103.97998
GOOG,2018-06-28,1102.089966,1122.310059,1096.01001,1114.219971
GOOG,2018-06-29,1120,1128.227051,1115,1115.650024
GOOG,2018-07-02,1099,1128,1093.800049,1127.459961
GOOG,2018-07-03,1135.819946,1135.819946,1100.02002,1102.890015
GOOG,2018-07-05,1110.530029,1127.5,1108.47998,1124.27002
GOOG,2018-07-06,1123.579956,1140.930054,1120.737061,1140.170044
GOOG,2018-07-09,1148.47998,1154.670044,1143.420044,1154.050049
GOOG,2018-07-10,1156.97998,1159.589966,1149.589966,1152.839966
GOOG,2018-07-11,1144.589966,1164.290039,1141,1153.900024
GOOG,2018-07-12,1159.890015,1184.410034,1155.935059,1183.47998
GOOG,2018-07-13,1185,1195.416992,1180,1188.819946
GOOG,2018-07-16,1189.390015,1191,1179.280029,1183.859985
GOOG,2018-07-17,1172.219971,1203.040039,1170.599976,1198.800049
GOOG,2018-07-18,1196.560059,1204.5,1190.339966,1195.880005
GOOG,2018-07-19,1191,1200,1183.319946,1186.959961
GOOG,2018-07-20,1186.959961,1196.859985,1184.219971,1184.910034
GOOG,2018-07-23,1181.01001,1206.48999,1181,1205.5
GOOG,2018-07-24,1262.589966,1266,1235.560059,1248.079956
GOOG,2018-07-25,1239.130005,1265.859985,1239.130005,1263.699951
GOOG,2018-07-26,1251,1269.770996,1249.02002,1268.329956
GOOG,2018-07-27,1271,1273.890015,1231,1238.5
GOOG,2018-07-30,1228.01001,1234.916016,1211.469971,1219.73999
GOOG,2018-07-31,1220.01001,1227.588013,1205.599976,1217.26001
GOOG,2018-08-01,1228,1233.469971,1210.209961,1220.01001
GOOG,2018-08-02,1205.900024,1229.880005,1204.790039,1226.150024
GOOG,2018-08-03,1229.619995,1230,1215.060059,1223.709961
GOOG,2018-08-06,1225,1226.088013,1215.796997,1224.77002
GOOG,2018-08-07,1237,1251.170044,1236.170044,1242.219971
GOOG,2018-08-08,1240.469971,1256.5,1238.008057,1245.609985
GOOG,2018-08-09,1249.900024,1255.541992,1246.01001,1249.099976
GOOG,2018-08-10,1243,1245.694946,1232,1237.609985
GOOG,2018-08-13,1236.97998,1249.272949,1233.640991,1235.01001
GOOG,2018-08-14,1235.189941,1245.869995,1225.109985,1242.099976
GOOG,2018-08-15,1229.26001,1235.23999,1209.51001,1214.380005
GOOG,2018-08-16,1224.72998,1226,1202.550049,1206.48999
GOOG,2018-08-17,1202.030029,1209.02002,1188.23999,1200.959961
GOOG,2018-08-20,1205.02002,1211,1194.625977,1207.77002
GOOG,2018-08-21,1208,1217.26001,1200.354004,1201.619995
GOOG,2018-08-22,1200,1211.839966,1199,1207.329956
GOOG,2018-08-23,1207.140015,1221.280029,1204.23999,1205.380005
GOOG,2018-08-24,1208.819946,1221.650024,1206.359009,1220.650024
GOOG,2018-08-27,1227.599976,1243.089966,1225.715942,1241.819946
GOOG,2018-08-28,1241.290039,1242.545044,1228.689941,1231.150024
GOOG,2018-08-29,1237.449951,1250.660034,1236.359009,1249.300049
GOOG,2018-08-30,1244.22998,1253.63501,1232.589966,1239.119995
GOOG,2018-08-31,1234.97998,1238.660034,1211.285034,1218.189941
GOOG,2018-09-04,1204.27002,1212.98999,1192.5,1197
GOOG,2018-09-05,1193.800049,1199.01001,1162,1186.47998
GOOG,2018-09-06,1186.300049,1186.300049,1152,1171.439941
GOOG,2018-09-07,1158.670044,1175.26001,1157.214966,1164.829956
GOOG,2018-09-10,1172.189941,1174.540039,1160.109985,1164.640015
GOOG,2018-09-11,1161.630005,1178.680054,1156.23999,1177.359985
GOOG,2018-09-12,1172.719971,1178.609985,1158.359985,1162.819946
GOOG,2018-09-13,1170.73999,1178.609985,1162.849976,1175.329956
GOOG,2018-09-14,1179.099976,1180.425049,1168.329956,1172.530029
GOOG,2018-09-17,1170.140015,1177.23999,1154.030029,1156.050049
GOOG,2018-09-18,1157.089966,1176.079956,1157.089966,1161.219971
GOOG,2018-09-19,1164.97998,1173.209961,1154.579956,1171.089966
GOOG,2018-09-20,1179.98999,1189.890015,1173.359985,1186.869995
GOOG,2018-09-21,1192,1192.209961,1166.040039,1166.089966
GOOG,2018-09-24,1157.170044,1178,1146.910034,1173.369995
GOOG,2018-09-25,1176.150024,1186.880005,1168,1184.650024
GOOG,2018-09-26,1185.150024,1194.22998,1174.765015,1180.48999
GOOG,2018-09-27,1186.72998,1202.099976,1183.630005,1194.640015
GOOG,2018-09-28,1191.869995,1195.410034,1184.5,1193.469971
GOOG,2018-10-01,1199.890015,1209.900024,1190.300049,1195.310059
GOOG,2018-10-02,1190.959961,1209.959961,1186.630005,1200.109985
GOOG,2018-10-03,1205,1206.410034,1193.829956,1202.949951
GOOG,2018-10-04,1195.329956,1197.51001,1155.57605,1168.189941
GOOG,2018-10-05,1167.5,1173.5,1145.119995,1157.349976
GOOG,2018-10-08,1150.109985,1168,1127.364014,1148.969971
GOOG,2018-10-09,1146.150024,1154.349976,1137.572021,1138.819946
GOOG,2018-10-10,1131.079956,1132.170044,1081.130005,1081.219971
GOOG,2018-10-11,1072.939941,1106.400024,1068.27002,1079.319946
GOOG,2018-10-12,1108,1115,1086.401978,1110.079956
GOOG,2018-10-15,1108.910034,1113.446045,1089,1092.25
GOOG,2018-10-16,1104.589966,1124.219971,1102.5,1121.280029
GOOG,2018-10-17,1126.459961,1128.98999,1102.189941,1115.689941
GOOG,2018-10-18,1121.839966,1121.839966,1077.089966,1087.969971
GOOG,2018-10-19,1093.369995,1110.359985,1087.75,1096.459961
GOOG,2018-10-22,1103.060059,1112.22998,1091,1101.160034
GOOG,2018-10-23,1080.890015,1107.890015,1070,1103.689941
GOOG,2018-10-24,1104.25,1106.119995,1048.73999,1050.709961
GOOG,2018-10-25,1071.790039,1110.97998,1069.550049,1095.569946
GOOG,2018-10-26,1037.030029,1106.530029,1034.089966,1071.469971
GOOG,2018-10-29,1082.469971,1097.040039,995.830017,1020.080017
GOOG,2018-10-30,1008.460022,1037.48999,1000.75,1036.209961
GOOG,2018-10-31,1059.810059,1091.939941,1057,1076.77002
GOOG,2018-11-01,1075.800049,1083.974976,1062.459961,1070
GOOG,2018-11-02,1073.72998,1082.974976,1054.609985,1057.790039
GOOG,2018-11-05,1055,1058.469971,1021.23999,1040.089966
GOOG,2018-11-06,1039.47998,1064.344971,1038.069946,1055.810059
GOOG,2018-11-07,1069,1095.459961,1065.900024,1093.390015
GOOG,2018-11-08,1091.380005,1093.27002,1072.204956,1082.400024
GOOG,2018-11-09,1073.98999,1075.560059,1053.109985,1066.150024
GOOG,2018-11-12,1061.390015,1062.119995,1031,1038.630005
GOOG,2018-11-13,1043.290039,1056.60498,1031.150024,1036.050049
GOOG,2018-11-14,1050,1054.563965,1031,1043.660034
GOOG,2018-11-15,1044.709961,1071.849976,1031.780029,1064.709961
GOOG,2018-11-16,1059.410034,1067,1048.97998,1061.48999
GOOG,2018-11-19,1057.199951,1060.790039,1016.26001,1020
GOOG,2018-11-20,1000,1031.73999,996.02002,1025.76001
GOOG,2018-11-21,1036.76001,1048.560059,1033.469971,1037.609985
GOOG,2018-11-23,1030,1037.589966,1022.398987,1023.880005
GOOG,2018-11-26,1038.349976,1049.310059,1033.910034,1048.619995
GOOG,2018-11-27,1041,1057.579956,1038.48999,1044.410034
GOOG,2018-11-28,1048.76001,1086.839966,1035.76001,1086.22998
GOOG,2018-11-29,1076.079956,1094.244995,1076,1088.300049
GOOG,2018-11-30,1089.069946,1095.569946,1077.880005,1094.430054
GOOG,2018-12-03,1123.140015,1124.650024,1103.665039,1106.430054
GOOG,2018-12-04,1103.119995,1104.420044,1049.97998,1050.819946
GOOG,2018-12-06,1034.26001,1071.199951,1030.77002,1068.72998
GOOG,2018-12-07,1060.01001,1075.26001,1028.5,1036.579956
GOOG,2018-12-10,1035.050049,1048.449951,1023.289978,1039.550049
GOOG,2018-12-11,1056.48999,1060.599976,1039.839966,1051.75
GOOG,2018-12-12,1068,1081.650024,1062.790039,1063.680054
GOOG,2018-12-13,1068.069946,1079.76001,1053.930054,1061.900024
GOOG,2018-12-14,1049.97998,1062.599976,1040.790039,1042.099976
GOOG,2018-12-17,1037.51001,1053.150024,1007.900024,1016.530029
GOOG,2018-12-18,1026.089966,1049.47998,1021.440002,1028.709961
GOOG,2018-12-19,1033.98999,1062,1008.049988,1023.01001
GOOG,2018-12-20,1018.130005,1034.219971,996.359985,1009.409973
GOOG,2018-12-21,1015.299988,1024.02002,973.690002,979.539978
GOOG,2018-12-24,973.900024,1003.539978,970.109985,976.219971
GOOG,2018-12-26,989.01001,1040,983,1039.459961
GOOG,2018-12-27,1017.150024,1043.890015,997,1043.880005
GOOG,2018-12-28,1049.619995,1055.560059,1033.099976,1037.079956
GOOG,2018-12-31,1050.959961,1052.699951,1023.590027,1035.609985
GOOG,2019-01-02,1016.570007,1052.319946,1015.710022,1045.849976
GOOG,2019-01-03,1041,1056.97998,1014.070007,1016.059998
GOOG,2019-01-04,1032.589966,1070.839966,1027.417969,1070.709961
GOOG,2019-01-07,1071.5,1074,1054.76001,1068.390015
GOOG,2019-01-08,1076.109985,1084.560059,1060.530029,1076.280029
GOOG,2019-01-09,1081.650024,1082.630005,1066.400024,1074.660034
GOOG,2019-01-10,1067.660034,1071.150024,1057.709961,1070.329956
GOOG,2019-01-11,1063.180054,1063.775024,1048.47998,1057.189941
GOOG,2019-01-14,1046.920044,1051.530029,1041.255005,1044.689941
GOOG,2019-01-15,1050.170044,1080.050049,1047.339966,1077.150024
GOOG,2019-01-16,1080,1092.375,1079.339966,1080.969971
GOOG,2019-01-17,1079.469971,1091.800049,1073.5,1089.900024
GOOG,2019-01-18,1100,1108.352051,1090.900024,1098.26001
GOOG,2019-01-22,1088,1091.51001,1063.469971,1070.52002
GOOG,2019-01-23,1077.349976,1084.930054,1059.75,1075.569946
GOOG,2019-01-24,1076.47998,1079.474976,1060.699951,1073.900024
GOOG,2019-01-25,1085,1094,1081.819946,1090.98999
GOOG,2019-01-28,1080.109985,1083,1063.800049,1070.079956
GOOG,2019-01-29,1072.680054,1075.150024,1055.86499,1060.619995
GOOG,2019-01-30,1068.430054,1091,1066.849976,1089.060059
GOOG,2019-01-31,1103,1117.329956,1095.410034,1116.369995
GOOG,2019-02-01,1112.400024,1125,1104.890015,1110.75
GOOG,2019-02-04,1112.660034,1132.800049,1109.02002,1132.800049
GOOG,2019-02-05,1124.839966,1146.849976,1117.248047,1145.98999
GOOG,2019-02-06,1139.569946,1147,1112.77002,1115.22998
GOOG,2019-02-07,1104.160034,1104.839966,1086,1098.709961
GOOG,2019-02-08,1087,1098.910034,1086.550049,1095.060059
GOOG,2019-02-11,1096.949951,1105.944946,1092.859985,1095.01001
GOOG,2019-02-12,1106.800049,1125.295044,1105.849976,1121.369995
GOOG,2019-02-13,1124.98999,1134.72998,1118.5,1120.160034
GOOG,2019-02-14,1118.050049,1128.22998,1110.444946,1121.670044
GOOG,2019-02-15,1130.079956,1131.670044,1110.650024,1113.650024
GOOG,2019-02-19,1110,1121.890015,1110,1118.560059
GOOG,2019-02-20,1119.98999,1123.410034,1105.280029,1113.800049
GOOG,2019-02-21,1110.839966,1111.939941,1092.52002,1096.969971
GOOG,2019-02-22,1100.900024,1111.23999,1095.599976,1110.369995
GOOG,2019-02-25,1116,1118.540039,1107.27002,1109.400024
GOOG,2019-02-26,1105.75,1119.51001,1099.920044,1115.130005
GOOG,2019-02-27,1106.949951,1117.97998,1101,1116.050049
GOOG,2019-02-28,1111.300049,1127.650024,1111.01001,1119.920044
GOOG,2019-03-01,1124.900024,1142.969971,1124.75,1140.98999
GOOG,2019-03-04,1146.98999,1158.280029,1130.689941,1147.800049
GOOG,2019-03-05,1150.060059,1169.609985,1146.194946,1162.030029
GOOG,2019-03-06,1162.48999,1167.56604,1155.48999,1157.859985
GOOG,2019-03-07,1155.719971,1156.755005,1134.910034,1143.300049
GOOG,2019-03-08,1126.72998,1147.079956,1123.300049,1142.319946
GOOG,2019-03-11,1144.449951,1176.189941,1144.449951,1175.76001
GOOG,2019-03-12,1178.26001,1200,1178.26001,1193.199951
GOOG,2019-03-13,1200.64502,1200.930054,1191.939941,1193.319946
GOOG,2019-03-14,1194.51001,1197.880005,1184.47998,1185.550049
GOOG,2019-03-15,1193.380005,1196.569946,1182.609985,1184.459961
GOOG,2019-03-18,1183.300049,1190,1177.421021,1184.26001
GOOG,2019-03-19,1188.810059,1200,1185.869995,1198.849976
GOOG,2019-03-20,1197.349976,1227.140015,1196.170044,1223.969971
GOOG,2019-03-21,1216,1231.790039,1213.150024,1231.540039
GOOG,2019-03-22,1226.319946,1230,1202.824951,1205.5
GOOG,2019-03-25,1196.930054,1206.397949,1187.040039,1193
GOOG,2019-03-26,1198.530029,1202.829956,1176.719971,1184.619995
GOOG,2019-03-27,1185.5,1187.55896,1159.369995,1173.02002
GOOG,2019-03-28,1171.540039,1171.564941,1159.43103,1168.48999
GOOG,2019-03-29,1174.900024,1178.98999,1162.880005,1173.310059
GOOG,2019-04-01,1184.099976,1196.660034,1182,1194.430054
GOOG,2019-04-02,1195.319946,1201.349976,1185.709961,1200.48999
GOOG,2019-04-03,1207.47998,1216.300049,1200.5,1205.920044
GOOG,2019-04-04,1205.939941,1215.670044,1204.130005,1215
GOOG,2019-04-05,1214.98999,1216.219971,1205.030029,1207.150024
GOOG,2019-04-08,1207.890015,1208.689941,1199.859985,1203.839966
GOOG,2019-04-09,1196,1202.290039,1193.079956,1197.25
GOOG,2019-04-10,1200.680054,1203.785034,1196.435059,1202.160034
GOOG,2019-04-11,1203.959961,1207.959961,1200.130005,1204.619995
GOOG,2019-04-12,1210,1218.349976,1208.109985,1217.869995
GOOG,2019-04-15,1218,1224.199951,1209.109985,1221.099976
GOOG,2019-04-16,1225,1230.819946,1220.119995,1227.130005
GOOG,2019-04-17,1233,1240.560059,1227.819946,1236.339966
GOOG,2019-04-18,1239.180054,1242,1234.609985,1236.369995
GOOG,2019-04-22,1235.98999,1249.089966,1228.310059,1248.839966
GOOG,2019-04-23,1250.689941,1269,1246.380005,1264.550049
GOOG,2019-04-24,1264.119995,1268.01001,1255,1256
GOOG,2019-04-25,1264.77002,1267.407959,1252.030029,1263.449951
GOOG,2019-04-26,1269,1273.069946,1260.319946,1272.180054
GOOG,2019-04-29,1274,1289.27002,1266.295044,1287.579956
GOOG,2019-04-30,1185,1192.810059,1175,1188.47998
GOOG,2019-05-01,1188.050049,1188.050049,1167.180054,1168.079956
GOOG,2019-05-02,1167.76001,1174.189941,1155.001953,1162.609985
GOOG,2019-05-03,1173.650024,1186.800049,1169,1185.400024
GOOG,2019-05-06,1166.26001,1190.849976,1166.26001,1189.390015
GOOG,2019-05-07,1180.469971,1190.439941,1161.040039,1174.099976
GOOG,2019-05-08,1172.01001,1180.42395,1165.73999,1166.27002
GOOG,2019-05-09,1159.030029,1169.660034,1150.849976,1162.380005
GOOG,2019-05-10,1163.589966,1172.599976,1142.5,1164.27002
GOOG,2019-05-13,1141.959961,1147.939941,1122.109985,1132.030029
GOOG,2019-05-14,1137.209961,1140.420044,1119.550049,1120.439941
GOOG,2019-05-15,1117.869995,1171.329956,1116.666016,1164.209961
GOOG,2019-05-16,1164.51001,1188.160034,1162.839966,1178.97998
GOOG,2019-05-17,1168.469971,1180.150024,1160.01001,1162.300049
GOOG,2019-05-20,1144.5,1146.796997,1131.442993,1138.849976
GOOG,2019-05-21,1148.48999,1152.708008,1137.939941,1149.630005
GOOG,2019-05-22,1146.75,1158.52002,1145.890015,1151.420044
GOOG,2019-05-23,1140.5,1145.973022,1129.223999,1140.77002
GOOG,2019-05-24,1147.359985,1149.765015,1131.660034,1133.469971
GOOG,2019-05-28,1134,1151.587036,1133.119995,1134.150024
GOOG,2019-05-29,1127.52002,1129.099976,1108.219971,1116.459961
GOOG,2019-05-30,1115.540039,1123.130005,1112.119995,1117.949951
GOOG,2019-05-31,1101.290039,1109.599976,1100.180054,1103.630005
GOOG,2019-06-03,1065.5,1065.5,1025,1036.22998
GOOG,2019-06-04,1042.900024,1056.050049,1033.689941,1053.050049
GOOG,2019-06-05,1051.540039,1053.550049,1030.48999,1042.219971
GOOG,2019-06-06,1044.98999,1047.48999,1033.699951,1044.339966
GOOG,2019-06-07,1050.630005,1070.920044,1048.400024,1066.040039
GOOG,2019-06-10,1072.97998,1092.660034,1072.322021,1080.380005
GOOG,2019-06-11,1093.97998,1101.98999,1077.603027,1078.719971
GOOG,2019-06-12,1078,1080.930054,1067.540039,1077.030029
GOOG,2019-06-13,1083.640015,1094.170044,1080.150024,1088.77002
GOOG,2019-06-14,1086.420044,1092.689941,1080.171997,1085.349976
GOOG,2019-06-17,1086.280029,1099.180054,1086.280029,1092.5
GOOG,2019-06-18,1109.689941,1116.390015,1098.98999,1103.599976
GOOG,2019-06-19,1105.599976,1107,1093.47998,1102.329956
GOOG,2019-06-20,1119.98999,1120.119995,1104.73999,1111.420044
GOOG,2019-06-21,1109.23999,1124.109985,1108.079956,1121.880005
GOOG,2019-06-24,1119.609985,1122,1111.01001,1115.52002
GOOG,2019-06-25,1112.660034,1114.349976,1083.800049,1086.349976
GOOG,2019-06-26,1086.5,1092.969971,1072.23999,1079.800049
GOOG,2019-06-27,1084,1087.099976,1075.290039,1076.01001
GOOG,2019-06-28,1076.390015,1081,1073.369995,1080.910034
GOOG,2019-07-01,1098,1107.579956,1093.703003,1097.949951
GOOG,2019-07-02,1102.23999,1111.77002,1098.170044,1111.25
GOOG,2019-07-03,1117.410034,1126.76001,1113.859985,1121.579956
GOOG,2019-07-05,1117.800049,1132.880005,1116.140015,1131.589966
GOOG,2019-07-08,1125.170044,1125.97998,1111.209961,1116.349976
GOOG,2019-07-09,1111.800049,1128.025024,1107.170044,1124.829956
GOOG,2019-07-10,1131.219971,1142.050049,1130.969971,1140.47998
GOOG,2019-07-11,1143.25,1153.069946,1139.579956,1144.209961
GOOG,2019-07-12,1143.98999,1147.339966,1138.780029,1144.900024
GOOG,2019-07-15,1146.859985,1150.819946,1139.400024,1150.339966
GOOG,2019-07-16,1146,1158.579956,1145,1153.579956
GOOG,2019-07-17,1150.969971,1158.359985,1145.77002,1146.349976
GOOG,2019-07-18,1141.73999,1147.60498,1132.72998,1146.329956
GOOG,2019-07-19,1148.189941,1151.140015,1129.619995,1130.099976
GOOG,2019-07-22,1133.449951,1139.25,1124.23999,1138.069946
GOOG,2019-07-23,1144,1146.900024,1131.800049,1146.209961
GOOG,2019-07-24,1131.900024,1144,1126.98999,1137.810059
GOOG,2019-07-25,1137.819946,1141.699951,1120.920044,1132.119995
GOOG,2019-07-26,1224.040039,1265.550049,1224,1250.410034
GOOG,2019-07-29,1241.050049,1247.369995,1228.22998,1239.410034
GOOG,2019-07-30,1225.410034,1234.869995,1223.300049,1225.140015
GOOG,2019-07-31,1223,1234,1207.764038,1216.680054
GOOG,2019-08-01,1214.030029,1234.109985,1205.719971,1209.01001
GOOG,2019-08-02,1200.73999,1206.900024,1188.939941,1193.98999
GOOG,2019-08-05,1170.040039,1175.23999,1140.140015,1152.319946
GOOG,2019-08-06,1163.310059,1179.959961,1160,1169.949951
GOOG,2019-08-07,1156,1178.444946,1149.624023,1173.98999
GOOG,2019-08-08,1182.829956,1205.01001,1173.02002,1204.800049
GOOG,2019-08-09,1197.98999,1203.880005,1183.603027,1188.01001
GOOG,2019-08-12,1179.209961,1184.959961,1167.671997,1174.709961
GOOG,2019-08-13,1171.459961,1204.780029,1171.459961,1197.27002
GOOG,2019-08-14,1176.310059,1182.300049,1160.540039,1164.290039
GOOG,2019-08-15,1163.5,1175.839966,1162.109985,1167.26001
GOOG,2019-08-16,1179.550049,1182.719971,1171.810059,1177.599976
GOOG,2019-08-19,1190.089966,1206.98999,1190.089966,1198.449951
GOOG,2019-08-20,1195.25,1196.060059,1182.109985,1182.689941
GOOG,2019-08-21,1193.150024,1199,1187.430054,1191.25
GOOG,2019-08-22,1194.069946,1198.011963,1178.579956,1189.530029
GOOG,2019-08-23,1181.98999,1194.079956,1147.75,1151.290039
GOOG,2019-08-26,1157.26001,1169.469971,1152.959961,1168.890015
GOOG,2019-08-27,1180.530029,1182.400024,1161.449951,1167.839966
GOOG,2019-08-28,1161.709961,1176.420044,1157.300049,1171.02002
GOOG,2019-08-29,1181.119995,1196.060059,1181.119995,1192.849976
GOOG,2019-08-30,1198.5,1198.5,1183.802979,1188.099976
GOOG,2019-09-03,1177.030029,1186.890015,1163.199951,1168.390015
GOOG,2019-09-04,1176.709961,1183.47998,1171,1181.410034
GOOG,2019-09-05,1191.530029,1213.040039,1191.530029,1211.380005
GOOG,2019-09-06,1208.130005,1212.015015,1202.521973,1204.930054
GOOG,2019-09-09,1204,1220,1192.619995,1204.410034
GOOG,2019-09-10,1195.150024,1210,1194.579956,1206
GOOG,2019-09-11,1203.410034,1222.599976,1202.199951,1220.170044
GOOG,2019-09-12,1224.300049,1241.859985,1223.02002,1234.25
GOOG,2019-09-13,1231.349976,1240.880005,1227.01001,1239.560059
GOOG,2019-09-16,1229.52002,1239.560059,1225.609985,1231.300049
GOOG,2019-09-17,1230.400024,1235,1223.689941,1229.150024
GOOG,2019-09-18,1227.51001,1235.609985,1216.530029,1232.410034
GOOG,2019-09-19,1232.060059,1244.439941,1232.02002,1238.709961
GOOG,2019-09-20,1233.119995,1243.319946,1223.079956,1229.930054
GOOG,2019-09-23,1226,1239.089966,1224.170044,1234.030029
GOOG,2019-09-24,1240,1246.73999,1210.680054,1218.76001
GOOG,2019-09-25,1215.819946,1248.300049,1210.089966,1246.52002
GOOG,2019-09-26,1241.959961,1245,1232.267944,1241.390015
GOOG,2019-09-27,1243.01001,1244.02002,1214.449951,1225.089966
GOOG,2019-09-30,1220.969971,1226,1212.300049,1219
GOOG,2019-10-01,1219,1231.22998,1203.579956,1205.099976
GOOG,2019-10-02,1196.97998,1196.97998,1171.290039,1176.630005
GOOG,2019-10-03,1180,1189.060059,1162.430054,1187.829956
GOOG,2019-10-04,1191.890015,1211.439941,1189.170044,1209
GOOG,2019-10-07,1204.400024,1218.203979,1203.75,1207.680054
GOOG,2019-10-08,1197.589966,1206.079956,1189.01001,1189.130005
GOOG,2019-10-09,1199.349976,1208.349976,1197.630005,1202.310059
GOOG,2019-10-10,1198.579956,1215,1197.339966,1208.670044
GOOG,2019-10-11,1222.209961,1228.390015,1213.73999,1215.449951
GOOG,2019-10-14,1212.339966,1226.329956,1211.76001,1217.140015
GOOG,2019-10-15,1220.400024,1247.329956,1220.400024,1243.01001
GOOG,2019-10-16,1241.170044,1254.73999,1238.449951,1243.640015
GOOG,2019-10-17,1250.930054,1263.324951,1249.939941,1253.069946
GOOG,2019-10-18,1253.459961,1258.890015,1241.079956,1245.48999
GOOG,2019-10-21,1252.26001,1254.629028,1240.599976,1246.150024
GOOG,2019-10-22,1247.849976,1250.599976,1241.380005,1242.800049
GOOG,2019-10-23,1242.359985,1259.890015,1242.359985,1259.130005
GOOG,2019-10-24,1260.900024,1264,1253.714966,1260.98999
GOOG,2019-10-25,1251.030029,1269.599976,1250.01001,1265.130005
GOOG,2019-10-28,1275.449951,1299.310059,1272.540039,1290
GOOG,2019-10-29,1276.22998,1281.589966,1257.212036,1262.619995
GOOG,2019-10-30,1252.969971,1269.359985,1252,1261.290039
GOOG,2019-10-31,1261.280029,1267.670044,1250.843018,1260.109985
GOOG,2019-11-01,1265,1274.619995,1260.5,1273.73999
GOOG,2019-11-04,1276.449951,1294.130005,1276.35498,1291.369995
GOOG,2019-11-05,1292.890015,1298.930054,1291.229004,1292.030029
GOOG,2019-11-06,1289.459961,1293.72998,1282.5,1291.800049
GOOG,2019-11-07,1294.280029,1323.73999,1294.244995,1308.859985
GOOG,2019-11-08,1305.280029,1318,1304.36499,1311.369995
GOOG,2019-11-11,1303.180054,1306.425049,1297.410034,1299.189941
GOOG,2019-11-12,1300,1310,1295.77002,1298.800049
GOOG,2019-11-13,1294.069946,1304.300049,1293.51001,1298
GOOG,2019-11-14,1297.5,1317,1295.650024,1311.459961
GOOG,2019-11-15,1318.939941,1334.880005,1314.280029,1334.869995
GOOG,2019-11-18,1332.219971,1335.529053,1317.5,1320.699951
GOOG,2019-11-19,1327.699951,1327.699951,1312.800049,1315.459961
GOOG,2019-11-20,1311.73999,1315,1291.150024,1303.050049
GOOG,2019-11-21,1301.47998,1312.589966,1293,1301.349976
GOOG,2019-11-22,1305.619995,1308.72998,1291.410034,1295.339966
GOOG,2019-11-25,1299.180054,1311.310059,1298.130005,1306.689941
GOOG,2019-11-26,1309.859985,1314.800049,1305.089966,1313.550049
GOOG,2019-11-27,1315,1318.359985,1309.630005,1312.98999
GOOG,2019-11-29,1307.119995,1310.204956,1303.969971,1304.959961
GOOG,2019-12-02,1301,1305.829956,1281,1289.920044
GOOG,2019-12-03,1279.569946,1298.46106,1279,1295.280029
GOOG,2019-12-04,1307.01001,1325.800049,1304.869995,1320.540039
GOOG,2019-12-05,1328,1329.358032,1316.439941,1328.130005
GOOG,2019-12-06,1333.439941,1344,1333.439941,1340.619995
GOOG,2019-12-09,1338.040039,1359.449951,1337.839966,1343.560059
GOOG,2019-12-10,1341.5,1349.974976,1336.040039,1344.660034
GOOG,2019-12-11,1350.839966,1351.199951,1342.670044,1345.02002
GOOG,2019-12-12,1345.939941,1355.775024,1340.5,1350.27002
GOOG,2019-12-13,1347.949951,1353.093018,1343.869995,1347.829956
GOOG,2019-12-16,1356.5,1364.680054,1352.670044,1361.170044
GOOG,2019-12-17,1362.890015,1365,1351.322998,1355.119995
GOOG,2019-12-18,1356.599976,1360.469971,1351,1352.619995
GOOG,2019-12-19,1351.819946,1358.099976,1348.984985,1356.040039
GOOG,2019-12-20,1363.349976,1363.640015,1349,1349.589966
GOOG,2019-12-23,1355.869995,1359.800049,1346.51001,1348.839966
GOOG,2019-12-24,1348.5,1350.26001,1342.780029,1343.560059
GOOG,2019-12-26,1346.170044,1361.327026,1344.469971,1360.400024
GOOG,2019-12-27,1362.98999,1364.530029,1349.310059,1351.890015
GOOG,2019-12-30,1350,1353,1334.02002,1336.140015
GOOG,2019-12-31,1330.109985,1338,1329.084961,1337.02002
GOOG,2020-01-02,1341.550049,1368.140015,1341.550049,1367.369995
GOOG,2020-01-03,1347.859985,1372.5,1345.543945,1360.660034
GOOG,2020-01-06,1350,1396.5,1350,1394.209961
GOOG,2020-01-07,1397.939941,1402.98999,1390.380005,1393.339966
GOOG,2020-01-08,1392.079956,1411.579956,1390.839966,1404.319946
GOOG,2020-01-09,1420.569946,1427.329956,1410.27002,1419.829956
GOOG,2020-01-10,1427.560059,1434.928955,1418.349976,1429.72998
GOOG,2020-01-13,1436.130005,1440.52002,1426.02002,1439.22998
GOOG,2020-01-14,1439.01001,1441.800049,1428.369995,1430.880005
GOOG,2020-01-15,1430.209961,1441.39502,1430.209961,1439.199951
GOOG,2020-01-16,1447.439941,1451.98999,1440.920044,1451.699951
GOOG,2020-01-17,1462.910034,1481.295044,1458.219971,1480.390015
GOOG,2020-01-21,1479.119995,1491.849976,1471.199951,1484.400024
GOOG,2020-01-22,1491,1503.213989,1484.930054,1485.949951
GOOG,2020-01-23,1487.640015,1495.52002,1482.099976,1486.650024
GOOG,2020-01-24,1493.589966,1495.494995,1465.25,1466.709961
GOOG,2020-01-27,1431,1438.069946,1421.199951,1433.900024
GOOG,2020-01-28,1443,1456,1432.469971,1452.560059
GOOG,2020-01-29,1458.800049,1465.430054,1446.73999,1458.630005
GOOG,2020-01-30,1439.959961,1457.280029,1436.400024,1455.839966
GOOG,2020-01-31,1468.900024,1470.130005,1428.530029,1434.22998
GOOG,2020-02-03,1462,1490,1458.98999,1485.939941
GOOG,2020-02-04,1457.069946,1469.5,1426.300049,1447.069946
GOOG,2020-02-05,1462.420044,1463.839966,1430.560059,1448.22998
GOOG,2020-02-06,1450.329956,1482,1449.569946,1476.22998
GOOG,2020-02-07,1467.300049,1485.839966,1466.349976,1479.22998
GOOG,2020-02-10,1474.319946,1509.5,1474.319946,1508.680054
GOOG,2020-02-11,1511.810059,1529.630005,1505.637939,1508.790039
GOOG,2020-02-12,1514.47998,1520.694946,1508.109985,1518.27002
GOOG,2020-02-13,1512.689941,1527.180054,1504.599976,1514.660034
GOOG,2020-02-14,1515.599976,1520.73999,1507.339966,1520.73999
GOOG,2020-02-18,1515,1531.630005,1512.589966,1519.670044
GOOG,2020-02-19,1525.069946,1532.105957,1521.400024,1526.689941
GOOG,2020-02-20,1522,1529.640015,1506.819946,1518.150024
GOOG,2020-02-21,1508.030029,1512.214966,1480.439941,1485.109985
GOOG,2020-02-24,1426.109985,1436.969971,1411.390015,1421.589966
GOOG,2020-02-25,1433,1438.140015,1382.400024,1388.449951
GOOG,2020-02-26,1396.140015,1415.699951,1379,1393.180054
GOOG,2020-02-27,1362.060059,1371.703979,1317.170044,1318.089966
GOOG,2020-02-28,1277.5,1341.140015,1271,1339.329956
GOOG,2020-03-02,1351.609985,1390.869995,1326.814941,1389.109985
GOOG,2020-03-03,1399.420044,1410.150024,1332,1341.390015
GOOG,2020-03-04,1359.22998,1388.089966,1343.109985,1386.52002
GOOG,2020-03-05,1350.199951,1358.910034,1305.099976,1319.040039
GOOG,2020-03-06,1277.060059,1306.219971,1261.050049,1298.410034
GOOG,2020-03-09,1205.300049,1254.76001,1200,1215.560059
GOOG,2020-03-10,1260,1281.150024,1218.77002,1280.390015
GOOG,2020-03-11,1249.699951,1260.959961,1196.069946,1215.410034
GOOG,2020-03-12,1126,1193.869995,1113.300049,1114.910034
GOOG,2020-03-13,1179,1219.76001,1117.142944,1219.72998
GOOG,2020-03-16,1096,1152.266968,1074.439941,1084.329956
GOOG,2020-03-17,1093.109985,1130.859985,1056.01001,1119.800049
GOOG,2020-03-18,1056.51001,1106.5,1037.280029,1096.800049
GOOG,2020-03-19,1093.050049,1157.969971,1060.108032,1115.290039
GOOG,2020-03-20,1135.719971,1143.98999,1065.48999,1072.319946
GOOG,2020-03-23,1061.319946,1071.319946,1013.536011,1056.619995
GOOG,2020-03-24,1103.77002,1135,1090.619995,1134.459961
GOOG,2020-03-25,1126.469971,1148.900024,1086.01001,1102.48999
GOOG,2020-03-26,1111.800049,1169.969971,1093.530029,1161.75
GOOG,2020-03-27,1125.670044,1150.670044,1105.910034,1110.709961
GOOG,2020-03-30,1125.040039,1151.630005,1096.47998,1146.819946
GOOG,2020-03-31,1147.300049,1175.310059,1138.140015,1162.810059
GOOG,2020-04-01,1122,1129.689941,1097.449951,1105.619995
GOOG,2020-04-02,1098.26001,1126.859985,1096.400024,1120.839966
GOOG,2020-04-03,1119.015015,1123.540039,1079.810059,1097.880005
GOOG,2020-04-06,1138,1194.660034,1130.939941,1186.920044
GOOG,2020-04-07,1221,1225,1182.22998,1186.51001
GOOG,2020-04-08,1206.5,1219.069946,1188.160034,1210.280029
GOOG,2020-04-09,1224.079956,1225.569946,1196.734985,1211.449951
GOOG,2020-04-13,1209.180054,1220.51001,1187.598022,1217.560059
GOOG,2020-04-14,1245.089966,1282.069946,1236.930054,1269.22998
GOOG,2020-04-15,1245.609985,1280.459961,1240.400024,1262.469971
GOOG,2020-04-16,1274.099976,1279,1242.619995,1263.469971
GOOG,2020-04-17,1284.849976,1294.430054,1271.22998,1283.25
GOOG,2020-04-20,1271,1281.599976,1261.369995,1266.609985
GOOG,2020-04-21,1247,1254.27002,1209.709961,1216.339966
GOOG,2020-04-22,1245.540039,1285.613037,1242,1263.209961
GOOG,2020-04-23,1271.550049,1293.310059,1265.670044,1276.310059
GOOG,2020-04-24,1261.170044,1280.400024,1249.449951,1279.310059
GOOG,2020-04-27,1296,1296.150024,1269,1275.880005
GOOG,2020-04-28,1287.930054,1288.050049,1232.199951,1233.670044
GOOG,2020-04-29,1341.459961,1359.98999,1325.339966,1341.47998
GOOG,2020-04-30,1324.880005,1352.819946,1322.48999,1348.660034
GOOG,2020-05-01,1328.5,1352.069946,1311,1320.609985
GOOG,2020-05-04,1308.22998,1327.660034,1299,1326.800049
GOOG,2020-05-05,1337.920044,1373.939941,1337.459961,1351.109985
GOOG,2020-05-06,1361.689941,1371.119995,1347.290039,1347.300049
GOOG,2020-05-07,1365.939941,1377.599976,1355.27002,1372.560059
GOOG,2020-05-08,1383.130005,1398.76001,1375.47998,1388.369995
GOOG,2020-05-11,1378.280029,1416.530029,1377.151978,1403.26001
GOOG,2020-05-12,1407.119995,1415,1374.77002,1375.73999
GOOG,2020-05-13,1377.050049,1385.482056,1328.400024,1349.329956
GOOG,2020-05-14,1335.02002,1357.420044,1323.910034,1356.130005
GOOG,2020-05-15,1350,1374.47998,1339,1373.189941
GOOG,2020-05-18,1361.75,1392.324951,1354.25,1383.939941
GOOG,2020-05-19,1386.996948,1392,1373.484985,1373.484985
GOOG,2020-05-20,1389.579956,1410.420044,1387.25,1406.719971
GOOG,2020-05-21,1408,1415.48999,1393.449951,1402.800049
GOOG,2020-05-22,1396.709961,1412.76001,1391.829956,1410.420044
GOOG,2020-05-26,1437.27002,1441,1412.130005,1417.02002
GOOG,2020-05-27,1417.25,1421.73999,1391.290039,1417.839966
GOOG,2020-05-28,1396.859985,1440.839966,1396,1416.72998
GOOG,2020-05-29,1416.939941,1432.569946,1413.349976,1428.920044
GOOG,2020-06-01,1418.390015,1437.959961,1418,1431.819946
GOOG,2020-06-02,1430.550049,1439.609985,1418.829956,1439.219971
GOOG,2020-06-03,1438.300049,1446.552002,1429.776978,1436.380005
GOOG,2020-06-04,1430.400024,1438.959961,1404.72998,1412.180054
GOOG,2020-06-05,1413.170044,1445.050049,1406,1438.390015
GOOG,2020-06-08,1422.339966,1447.98999,1422.339966,1446.609985
GOOG,2020-06-09,1445.359985,1468,1443.209961,1456.160034
GOOG,2020-06-10,1459.540039,1474.259033,1456.27002,1465.849976
GOOG,2020-06-11,1442.47998,1454.474976,1402,1403.839966
GOOG,2020-06-12,1428.48999,1437,1386.02002,1413.180054
GOOG,2020-06-15,1390.800049,1424.800049,1387.920044,1419.849976
GOOG,2020-06-16,1445.219971,1455.02002,1425.900024,1442.719971
GOOG,2020-06-17,1447.160034,1460,1431.380005,1451.119995
GOOG,2020-06-18,1449.160034,1451.410034,1427.01001,1435.959961
GOOG,2020-06-19,1444,1447.800049,1421.349976,1431.719971
GOOG,2020-06-22,1429,1452.75,1423.209961,1451.859985
GOOG,2020-06-23,1455.640015,1475.94104,1445.23999,1464.410034
GOOG,2020-06-24,1461.51001,1475.420044,1429.75,1431.969971
GOOG,2020-06-25,1429.900024,1442.900024,1420,1441.329956
GOOG,2020-06-26,1431.390015,1433.449951,1351.98999,1359.900024
GOOG,2020-06-29,1358.180054,1395.599976,1347.01001,1394.969971
GOOG,2020-06-30,1390.439941,1418.650024,1383.959961,1413.609985
GOOG,2020-07-01,1411.099976,1443,1409.819946,1438.040039
GOOG,2020-07-02,1446.939941,1482.949951,1446.420044,1464.699951
GOOG,2020-07-06,1480.060059,1506.589966,1472.859985,1495.699951
GOOG,2020-07-07,1490,1516.800049,1483.550049,1485.180054
GOOG,2020-07-08,1494.319946,1505.880005,1485.630005,1496
GOOG,2020-07-09,1506.449951,1522.719971,1488.084961,1510.98999
GOOG,2020-07-10,1506.150024,1543.829956,1496.540039,1541.73999
GOOG,2020-07-13,1550,1577.131958,1505.243042,1511.339966
GOOG,2020-07-14,1490.310059,1522.949951,1483.5,1520.579956
GOOG,2020-07-15,1523.130005,1535.329956,1498,1513.640015
GOOG,2020-07-16,1500,1518.689941,1486.310059,1518
GOOG,2020-07-17,1521.619995,1523.439941,1498.420044,1515.550049
GOOG,2020-07-20,1515.26001,1570.290039,1503.599976,1565.719971
GOOG,2020-07-21,1586.98999,1586.98999,1554.280029,1558.420044
GOOG,2020-07-22,1560.5,1570,1546.099976,1568.48999
GOOG,2020-07-23,1566.969971,1571.869995,1507.391968,1515.680054
GOOG,2020-07-24,1498.930054,1517.635986,1488.400024,1511.869995
GOOG,2020-07-27,1515.599976,1540.969971,1515.209961,1530.199951
GOOG,2020-07-28,1525.180054,1526.47998,1497.660034,1500.339966
GOOG,2020-07-29,1506.319946,1531.251953,1501.329956,1522.02002
GOOG,2020-07-30,1497,1537.869995,1492.219971,1531.449951
GOOG,2020-07-31,1505.01001,1508.949951,1454.030029,1482.959961
GOOG,2020-08-03,1486.640015,1490.469971,1465.640015,1474.449951
GOOG,2020-08-04,1476.569946,1485.560059,1458.650024,1464.969971
GOOG,2020-08-05,1469.300049,1482.410034,1463.459961,1473.609985
GOOG,2020-08-06,1471.75,1502.390015,1466,1500.099976
GOOG,2020-08-07,1500,1516.844971,1481.640015,1494.48999
GOOG,2020-08-10,1487.180054,1504.074951,1473.079956,1496.099976
GOOG,2020-08-11,1492.439941,1510,1478,1480.319946
GOOG,2020-08-12,1485.579956,1512.385986,1485.25,1506.619995
GOOG,2020-08-13,1510.339966,1537.25,1508.005005,1518.449951
GOOG,2020-08-14,1515.660034,1521.900024,1502.880005,1507.72998
GOOG,2020-08-17,1514.670044,1525.609985,1507.969971,1517.97998
GOOG,2020-08-18,1526.180054,1562.469971,1523.709961,1558.599976
GOOG,2020-08-19,1553.310059,1573.680054,1543.949951,1547.530029
GOOG,2020-08-20,1543.449951,1585.869995,1538.199951,1581.75
GOOG,2020-08-21,1577.030029,1597.719971,1568.005005,1580.420044
GOOG,2020-08-24,1593.97998,1614.170044,1580.569946,1588.199951
GOOG,2020-08-25,1582.069946,1611.619995,1582.069946,1608.219971
GOOG,2020-08-26,1608,1659.219971,1603.599976,1652.380005
GOOG,2020-08-27,1653.680054,1655,1625.75,1634.329956
GOOG,2020-08-28,1633.48999,1647.170044,1630.75,1644.410034
GOOG,2020-08-31,1647.890015,1647.964966,1630.310059,1634.180054
GOOG,2020-09-01,1636.630005,1665.72998,1632.219971,1660.709961
GOOG,2020-09-02,1673.775024,1733.180054,1666.329956,1728.280029
GOOG,2020-09-03,1709.713989,1709.713989,1615.060059,1641.839966
GOOG,2020-09-04,1624.26001,1645.109985,1547.613037,1591.040039
GOOG,2020-09-08,1533.51001,1563.86499,1528.01001,1532.390015
GOOG,2020-09-09,1557.530029,1569,1536.051025,1556.959961
GOOG,2020-09-10,1560.640015,1584.081055,1525.805054,1532.02002
GOOG,2020-09-11,1536,1575.199951,1497.359985,1520.719971
GOOG,2020-09-14,1539.005005,1564,1515.73999,1519.280029
GOOG,2020-09-15,1536,1559.569946,1531.834961,1541.439941
GOOG,2020-09-16,1555.540039,1562,1519.819946,1520.900024
GOOG,2020-09-17,1496,1508.297974,1470,1495.530029
GOOG,2020-09-18,1498.01001,1503.003052,1437.130005,1459.98999
GOOG,2020-09-21,1440.060059,1448.359985,1406.550049,1431.160034
GOOG,2020-09-22,1450.089966,1469.52002,1434.530029,1465.459961
GOOG,2020-09-23,1458.780029,1460.959961,1407.699951,1415.209961
GOOG,2020-09-24,1411.030029,1443.708984,1409.849976,1428.290039
GOOG,2020-09-25,1432.630005,1450,1413.339966,1444.959961
GOOG,2020-09-28,1474.209961,1476.800049,1449.301025,1464.52002
GOOG,2020-09-29,1470.390015,1476.662964,1458.805054,1469.329956
GOOG,2020-09-30,1466.800049,1489.75,1459.880005,1469.599976
GOOG,2020-10-01,1484.27002,1499.040039,1479.209961,1490.089966
GOOG,2020-10-02,1462.030029,1483.199951,1450.920044,1458.420044
GOOG,2020-10-05,1466.209961,1488.209961,1464.27002,1486.02002
GOOG,2020-10-06,1475.579956,1486.76001,1448.589966,1453.439941
GOOG,2020-10-07,1464.290039,1468.959961,1436,1460.290039
GOOG,2020-10-08,1465.089966,1490,1465.089966,1485.930054
GOOG,2020-10-09,1494.699951,1516.52002,1489.449951,1515.219971
GOOG,2020-10-12,1543,1593.859985,1532.569946,1569.150024
GOOG,2020-10-13,1583.72998,1590,1563.199951,1571.680054
GOOG,2020-10-14,1578.589966,1587.68396,1550.530029,1568.079956
GOOG,2020-10-15,1547.150024,1575.10498,1545.030029,1559.130005
GOOG,2020-10-16,1565.849976,1581.130005,1563,1573.01001
GOOG,2020-10-19,1580.459961,1588.150024,1528,1534.609985
GOOG,2020-10-20,1527.050049,1577.5,1525.670044,1555.930054
GOOG,2020-10-21,1573.329956,1618.72998,1571.630005,1593.310059
GOOG,2020-10-22,1593.050049,1621.98999,1585,1615.329956
GOOG,2020-10-23,1626.069946,1642.359985,1620.51001,1641
GOOG,2020-10-26,1625.01001,1638.23999,1576.5,1590.449951
GOOG,2020-10-27,1595.670044,1606.844971,1582.780029,1604.26001
GOOG,2020-10-28,1559.73999,1561.349976,1514.619995,1516.619995
GOOG,2020-10-29,1522.359985,1593.709961,1522.23999,1567.23999
GOOG,2020-10-30,1672.109985,1687,1604.459961,1621.01001
GOOG,2020-11-02,1628.160034,1660.77002,1616.030029,1626.030029
GOOG,2020-11-03,1631.780029,1661.699951,1616.619995,1650.209961
GOOG,2020-11-04,1710.280029,1771.36499,1706.030029,1749.130005
GOOG,2020-11-05,1781,1793.640015,1750.51001,1763.369995
GOOG,2020-11-06,1753.949951,1772.430054,1740.349976,1761.75
GOOG,2020-11-09,1790.900024,1818.060059,1760.02002,1763
GOOG,2020-11-10,1731.089966,1763,1717.300049,1740.390015
GOOG,2020-11-11,1750,1764.219971,1747.36499,1752.709961
GOOG,2020-11-12,1747.630005,1768.27002,1745.599976,1749.839966
GOOG,2020-11-13,1757.630005,1781.040039,1744.550049,1777.02002
GOOG,2020-11-16,1771.699951,1799.069946,1767.689941,1781.380005
GOOG,2020-11-17,1776.939941,1785,1767,1770.150024
GOOG,2020-11-18,1765.22998,1773.469971,1746.140015,1746.780029
GOOG,2020-11-19,1738.380005,1769.589966,1737.005005,1763.920044
GOOG,2020-11-20,1765.209961,1774,1741.859985,1742.189941
GOOG,2020-11-23,1749.599976,1753.900024,1717.719971,1734.859985
GOOG,2020-11-24,1730.5,1771.599976,1727.689941,1768.880005
GOOG,2020-11-25,1772.890015,1778.540039,1756.540039,1771.430054
GOOG,2020-11-27,1773.089966,1804,1772.439941,1793.189941
